{
  "mobile": {
    "rf": "mode3_mobile_20trees_depth_8.npy",
    "params": {
      "h264_10bit_a": 4.434593246176951,
      "h264_10bit_b": -0.7183101538007569,
      "h264_10bit_c": 5.286826249444511,
      "h264_10bit_d": -3.906966479762848,
      "h264_10bit_e": 0.7395086947135804,
      "h264_10bit_h": 0.8970105343722212,
      "h264_10bit_w_0": -0.14560783597653407,
      "h264_10bit_w_1": -0.45639055151951147,
      "h264_10bitweight": 0.1538303040787342,
      "h264_a": 4.316670224109413,
      "h264_b": -1.8402895272614122,
      "h264_c": 5.258302490634856,
      "h264_d": -4.497034056089031,
      "h264_e": -1.3879229059648865,
      "h264_h": 0.1382762515419619,
      "h264_w_0": -0.9211450741303437,
      "h264_w_1": 0.5051836196849016,
      "h264weight": 0.7968650769010259,
      "hevc_10bit_a": 4.965359405799099,
      "hevc_10bit_b": -1.8623038914909256,
      "hevc_10bit_c": 2.4098097686201334,
      "hevc_10bit_d": -1.6839887406505247,
      "hevc_10bit_e": -0.0003995467628613297,
      "hevc_10bit_h": -1.8499282768041675e-06,
      "hevc_10bit_w_0": -0.00039696467691447464,
      "hevc_10bit_w_1": 0.9991548791150862,
      "hevc_10bitweight": 0.9999992589731181,
      "hevc_a": 4.444575722346916,
      "hevc_b": -1.7308994167744005,
      "hevc_c": 3.0377129840531234,
      "hevc_d": -2.8354001445661114,
      "hevc_e": 0.33580769825652346,
      "hevc_h": 1.2607534079073224,
      "hevc_w_0": 0.6349969835014873,
      "hevc_w_1": -0.4360026470262166,
      "hevcweight": -0.3400279972975637,
      "k": 3.576625924369467,
      "vp9_a": 4.24665537139195,
      "vp9_b": -1.5178496027451887,
      "vp9_c": 2.933870517223394,
      "vp9_d": -3.1737477005428523,
      "vp9_e": -0.3589142863687467,
      "vp9_h": -0.5763054970617891,
      "vp9_w_0": -0.11557943969923701,
      "vp9_w_1": 0.10263041940705221,
      "vp9weight": -0.6255836113420554,
      "w": 3.90289585875634,
      "x": -10.417422930761035,
      "y": 2.2679960012346774,
      "z": -57.16186004692047
    }
  },
  "pc": {
    "rf": "mode3_pc_20trees_depth_8.npy",
    "params": {
      "h264_10bit_a": 4.473860432716601,
      "h264_10bit_b": -0.9393705761863351,
      "h264_10bit_c": 4.136250679860407,
      "h264_10bit_d": -2.9310479368055264,
      "h264_10bit_e": -1.7903614981239062,
      "h264_10bit_h": -2.3503286254369176,
      "h264_10bit_w_0": -0.03058592267798916,
      "h264_10bit_w_1": 0.25189683408520375,
      "h264_10bitweight": -0.5541308250290956,
      "h264_a": 4.386085814109273,
      "h264_b": -1.5019155014471524,
      "h264_c": 3.8743775464824264,
      "h264_d": -3.077080677339885,
      "h264_e": -0.8302520269051493,
      "h264_h": -0.027118774371207827,
      "h264_w_0": -0.3647930653560976,
      "h264_w_1": 0.32243297646951363,
      "h264weight": 0.207614549082878,
      "hevc_10bit_a": 4.4065938753028115,
      "hevc_10bit_b": -1.0154070725330206,
      "hevc_10bit_c": 4.814275411287497,
      "hevc_10bit_d": -2.7446822763003107,
      "hevc_10bit_e": 9.998702786858269,
      "hevc_10bit_h": 24.778463058011848,
      "hevc_10bit_w_0": 2.403760288500773e-07,
      "hevc_10bit_w_1": -1.1156530005368382e-05,
      "hevc_10bitweight": 0.9999819829379,
      "hevc_a": 4.296229453086275,
      "hevc_b": -1.195406319530435,
      "hevc_c": 4.98617909862833,
      "hevc_d": -3.8798132485840586,
      "hevc_e": -0.6923011967037135,
      "hevc_h": -0.4938038798374773,
      "hevc_w_0": 0.703359562657687,
      "hevc_w_1": 0.43659671632229474,
      "hevcweight": 0.6028304449619121,
      "k": 3.7547870174025837,
      "vp9_a": 4.125869729224807,
      "vp9_b": -1.226564332274059,
      "vp9_c": 4.378200637035721,
      "vp9_d": -3.9755442135237495,
      "vp9_e": -0.9581316293474803,
      "vp9_h": -2.2592773198341494,
      "vp9_w_0": 0.6294365923789647,
      "vp9_w_1": -0.9118836267417332,
      "vp9weight": -0.5374051996796229,
      "w": 3.660396358273836,
      "x": -12.829224288445841,
      "y": 2.4358104379732826,
      "z": -41.054547283545695
    }
  }
}