{
  "mobile": {
    "rf": "mode3_mobile_20trees_depth_8_reg.json",
    "params": {
      "h264_10bit_a": 4.539866972937916,
      "h264_10bit_b": -0.4139737142215854,
      "h264_10bit_c": 6.224907808404164,
      "h264_10bit_d": -4.2598648475569165,
      "h264_10bit_e": 1.5817193930801365,
      "h264_10bit_h": -2.860531104662253,
      "h264_10bit_w_0": -0.853580747175716,
      "h264_10bit_w_1": -0.9353031442048942,
      "h264_10bitweight": 0.8284617111514274,
      "h264_a": 4.436488486065942,
      "h264_b": -1.4909398019545872,
      "h264_c": 5.425146627769558,
      "h264_d": -4.519775544471322,
      "h264_e": -1.7338838192599986,
      "h264_h": 0.7758763936459816,
      "h264_w_0": -0.8651133660948936,
      "h264_w_1": -0.8599428232793729,
      "h264weight": -0.30012121566502853,
      "hevc_10bit_a": 4.999973833152508,
      "hevc_10bit_b": -2.6821510163211135,
      "hevc_10bit_c": 1.5068650382423137,
      "hevc_10bit_d": -1.7663964592084198,
      "hevc_10bit_e": -0.004698236477225338,
      "hevc_10bit_h": -0.022564643555859992,
      "hevc_10bit_w_0": 0.9910534355187729,
      "hevc_10bit_w_1": -0.01708630745883337,
      "hevc_10bitweight": -0.06554741247351248,
      "hevc_a": 4.3089419769207105,
      "hevc_b": -0.6685079402239983,
      "hevc_c": 6.055092824499943,
      "hevc_d": -4.697424605499636,
      "hevc_e": 0.2669603482911773,
      "hevc_h": -3.520842600609597,
      "hevc_w_0": 0.09039449579978848,
      "hevc_w_1": 0.4654378371236671,
      "hevcweight": -0.29985116777140364,
      "k": 1.1999999998219617,
      "vp9_a": 4.402367046811538,
      "vp9_b": -1.2503757877177184,
      "vp9_c": 2.9267693802747274,
      "vp9_d": -3.0086769142426366,
      "vp9_e": 1.5959646082650736,
      "vp9_h": -2.932011508871537,
      "vp9_w_0": -0.9999972632659982,
      "vp9_w_1": 0.7849637337152631,
      "vp9weight": -0.0539566415172697,
      "w": 4.270097773114402,
      "x": -8.469046081634318,
      "y": 1.199998153658855,
      "z": -6.364766952429489
    }
  },
  "pc": {
    "rf": "mode3_pc_20trees_depth_8_reg.json",
    "params": {
      "h264_10bit_a": 4.646691988810521,
      "h264_10bit_b": -0.8090647559371287,
      "h264_10bit_c": 5.983507394933585,
      "h264_10bit_d": -4.439825565753453,
      "h264_10bit_e": 0.7235608837307764,
      "h264_10bit_h": 0.5651910985391696,
      "h264_10bit_w_0": -0.39553975684347153,
      "h264_10bit_w_1": 0.2859067575608776,
      "h264_10bitweight": 0.24221519704807573,
      "h264_a": 4.434415842159849,
      "h264_b": -1.7057789964302756,
      "h264_c": 4.965396011016389,
      "h264_d": -4.120349888368054,
      "h264_e": 0.44759304743049766,
      "h264_h": -0.09504948338566911,
      "h264_w_0": 0.9308105688353667,
      "h264_w_1": 0.8616826520317191,
      "h264weight": -0.20720698007950578,
      "hevc_10bit_a": 4.545835817526499,
      "hevc_10bit_b": -0.8659851042720009,
      "hevc_10bit_c": 6.11164466747779,
      "hevc_10bit_d": -3.3828186584155238,
      "hevc_10bit_e": 0.00005510520713399024,
      "hevc_10bit_h": 0.0001974725681458888,
      "hevc_10bit_w_0": 0.9995417048129748,
      "hevc_10bit_w_1": 0.9999961984218008,
      "hevc_10bitweight": 0.9998570713732533,
      "hevc_a": 4.378892284267573,
      "hevc_b": -1.020779632349667,
      "hevc_c": 5.757247307398263,
      "hevc_d": -4.562487395035913,
      "hevc_e": 1.2107324102900467,
      "hevc_h": 0.4441952708893753,
      "hevc_w_0": 0.6817311847092399,
      "hevc_w_1": 0.2378809342912726,
      "hevcweight": 0.020185732917181017,
      "k": 1.1999338299062932,
      "vp9_a": 4.340433726051381,
      "vp9_b": -0.9960641890477184,
      "vp9_c": 4.52822251619815,
      "vp9_d": -3.9640902970290126,
      "vp9_e": -0.2750665985946426,
      "vp9_h": 0.5179097483483531,
      "vp9_w_0": 0.03501887679939456,
      "vp9_w_1": 0.6782376579149105,
      "vp9weight": 0.37557843681933023,
      "w": 4.169645743890938,
      "x": -9.549708678980261,
      "y": 1.1999999999999997,
      "z": -8.308486933912404
    }
  }
}